{
  "poisson": {
    "aic": 7488.672523904061,
    "bic": 7647.292494919092,
    "llf": -3715.3362619520303,
    "deviance": 3002.788171178381,
    "pearson_chi2_df": 1.7887053635761603,
    "n_vars": 29
  },
  "negbin_completo": {
    "aic": 6996.6649176590545,
    "bic": 7155.284888674086,
    "llf": -3469.3324588295272,
    "deviance": 1831.597845383881,
    "pearson_chi2_df": 1.0452110651688895,
    "n_vars": 29,
    "alpha": 0.11471840183370603
  },
  "negbin_reduzido": {
    "aic": 6982.966103838737,
    "bic": 7015.784028876329,
    "llf": -3485.4830519193683,
    "deviance": 1863.8990315635629,
    "pearson_chi2_df": 1.0609009880573126,
    "n_vars": 6,
    "alpha": 0.11471840183370603
  },
  "cameron_trivedi": {
    "alpha": 0.04489840655784014,
    "t": 6.294818785154254,
    "p_value": 3.880392209407244e-10
  },
  "lr_test": {
    "statistic": 492.0076062450062,
    "p_value": 5.211727160920895e-109
  }
}